{
  "weights": {
    "keyword": 0.182,
    "semantic": 0.818,
    "prosodic": 0.0
  },
  "threshold": 0.35,
  "metrics": {
    "accuracy": 0.65,
    "precision": 0.5882352941176471,
    "recall": 1.0,
    "f1": 0.7407407407407407,
    "tp": 20,
    "fp": 14,
    "fn": 0,
    "tn": 6
  }
}