{
  "weights": {
    "keyword": 0.364,
    "semantic": 0.636,
    "prosodic": 0.0
  },
  "threshold": 0.35,
  "metrics": {
    "accuracy": 0.7,
    "precision": 0.6538461538461539,
    "recall": 0.85,
    "f1": 0.7391304347826088,
    "tp": 17,
    "fp": 9,
    "fn": 3,
    "tn": 11
  }
}